[
    {
        "name": "Afghanistan",
        "country_code": "AF",
        "code": "+93"
    },
    {
        "name": "Albania",
        "country_code": "AL",
        "code": "+355"
    },
    {
        "name": "Algeria",
        "country_code": "DZ",
        "code": "+213"
    },
    {
        "name": "American Samoa",
        "country_code": "AS",
        "code": "+1"
    },
    {
        "name": "Andorra",
        "country_code": "AD",
        "code": "+376"
    },
    {
        "name": "Angola",
        "country_code": "AO",
        "code": "+244"
    },
    {
        "name": "Anguilla",
        "country_code": "AI",
        "code": "+1"
    },
    {
        "name": "Antigua",
        "country_code": "AG",
        "code": "+1"
    },
    {
        "name": "Argentina",
        "country_code": "AR",
        "code": "+54"
    },
    {
        "name": "Armenia",
        "country_code": "AM",
        "code": "+374"
    },
    {
        "name": "Aruba",
        "country_code": "AW",
        "code": "+297"
    },
    {
        "name": "Australia",
        "country_code": "AU",
        "code": "+61"
    },
    {
        "name": "Austria",
        "country_code": "AI",
        "code": "+43"
    },
    {
        "name": "Azerbaijan",
        "country_code": "AZ",
        "code": "+994"
    },
    {
        "name": "Bahrain",
        "country_code": "BH",
        "code": "+973"
    },
    {
        "name": "Bangladesh",
        "country_code": "BD",
        "code": "+880"
    },
    {
        "name": "Barbados",
        "country_code": "BB",
        "code": "+1"
    },
    {
        "name": "Belarus",
        "country_code": "BY",
        "code": "+375"
    },
    {
        "name": "Belgium",
        "country_code": "BE",
        "code": "+32"
    },
    {
        "name": "Belize",
        "country_code": "BZ",
        "code": "+501"
    },
    {
        "name": "Benin",
        "country_code": "BJ",
        "code": "+229"
    },
    {
        "name": "Bermuda",
        "country_code": "BM",
        "code": "+1"
    },
    {
        "name": "Bhutan",
        "country_code": "BT",
        "code": "+975"
    },
    {
        "name": "Bolivia",
        "country_code": "BO",
        "code": "+591"
    },
    {
        "name": "Bosnia and Herzegovina",
        "country_code": "BA",
        "code": "+387"
    },
    {
        "name": "Botswana",
        "country_code": "BW",
        "code": "+267"
    },
    {
        "name": "Brazil",
        "country_code": "BR",
        "code": "+55"
    },
    {
        "name": "British Indian Ocean Territory",
        "country_code": "IO",
        "code": "+246"
    },
    {
        "name": "British Virgin Islands",
        "country_code": "VG",
        "code": "+1"
    },
    {
        "name": "Brunei",
        "country_code": "BN",
        "code": "+673"
    },
    {
        "name": "Bulgaria",
        "country_code": "BG",
        "code": "+359"
    },
    {
        "name": "Burkina Faso",
        "country_code": "BF",
        "code": "+226"
    },
    {
        "name": "Burma Myanmar",
        "country_code": "MM",
        "code": "+95"
    },
    {
        "name": "Burundi",
        "country_code": "BI",
        "code": "+257"
    },
    {
        "name": "Cambodia",
        "country_code": "KH",
        "code": "+855"
    },
    {
        "name": "Cameroon",
        "country_code": "CM",
        "code": "+237"
    },
    {
        "name": "Canada",
        "country_code": "CA",
        "code": "+1"
    },
    {
        "name": "Cape Verde",
        "country_code": "CV",
        "code": "+238"
    },
    {
        "name": "Cayman Islands",
        "country_code": "KY",
        "code": "+1"
    },
    {
        "name": "Central African Republic",
        "country_code": "CF",
        "code": "+236"
    },
    {
        "name": "Chad",
        "country_code": "ID",
        "code": "+235"
    },
    {
        "name": "Chile",
        "country_code": "CL",
        "code": "+56"
    },
    {
        "name": "China",
        "country_code": "CN",
        "code": "+86"
    },
    {
        "name": "Colombia",
        "country_code": "CO",
        "code": "+57"
    },
    {
        "name": "Comoros",
        "country_code": "KM",
        "code": "+269"
    },
    {
        "name": "Cook Islands",
        "country_code": "CK",
        "code": "+682"
    },
    {
        "name": "Costa Rica",
        "country_code": "CR",
        "code": "+506"
    },
    {
        "name": "Côte dIvoire",
        "country_code": "CI",
        "code": "+225"
    },
    {
        "name": "Croatia",
        "country_code": "HR",
        "code": "+385"
    },
    {
        "name": "Cuba",
        "country_code": "CU",
        "code": "+53"
    },
    {
        "name": "Cyprus",
        "country_code": "CY",
        "code": "+357"
    },
    {
        "name": "Czech Republic",
        "country_code": "CZ",
        "code": "+420"
    },
    {
        "name": "Democratic Republic of Congo",
        "country_code": "CD",
        "code": "+243"
    },
    {
        "name": "Denmark",
        "country_code": "DK",
        "code": "+45"
    },
    {
        "name": "Djibouti",
        "country_code": "DJ",
        "code": "+253"
    },
    {
        "name": "Dominica",
        "country_code": "DM",
        "code": "+1"
    },
    {
        "name": "Dominican Republic",
        "country_code": "DO",
        "code": "+1"
    },
    {
        "name": "Ecuador",
        "country_code": "EC",
        "code": "+593"
    },
    {
        "name": "Egypt",
        "country_code": "EG",
        "code": "+20"
    },
    {
        "name": "El Salvador",
        "country_code": "SV",
        "code": "+503"
    },
    {
        "name": "Equatorial Guinea",
        "country_code": "GQ",
        "code": "+240"
    },
    {
        "name": "Eritrea",
        "country_code": "ER",
        "code": "+291"
    },
    {
        "name": "Estonia",
        "country_code": "EE",
        "code": "+372"
    },
    {
        "name": "Ethiopia",
        "country_code": "ET",
        "code": "+251"
    },
    {
        "name": "Falkland Islands",
        "country_code": "FK",
        "code": "+500"
    },
    {
        "name": "Faroe Islands",
        "country_code": "FO",
        "code": "+298"
    },
    {
        "name": "Federated States of Micronesia",
        "country_code": "FM",
        "code": "+691"
    },
    {
        "name": "Fiji",
        "country_code": "FJ",
        "code": "+679"
    },
    {
        "name": "Finland",
        "country_code": "FI",
        "code": "+358"
    },
    {
        "name": "France",
        "country_code": "FR",
        "code": "+33"
    },
    {
        "name": "French Guiana",
        "country_code": "GF",
        "code": "+594"
    },
    {
        "name": "French Polynesia",
        "country_code": "PF",
        "code": "+689"
    },
    {
        "name": "Gabon",
        "country_code": "GA",
        "code": "+241"
    },
    {
        "name": "Georgia",
        "country_code": "GE",
        "code": "+995"
    },
    {
        "name": "Germany",
        "country_code": "DE",
        "code": "+49"
    },
    {
        "name": "Ghana",
        "country_code": "GH",
        "code": "+233"
    },
    {
        "name": "Gibraltar",
        "country_code": "GI",
        "code": "+350"
    },
    {
        "name": "Greece",
        "country_code": "GR",
        "code": "+30"
    },
    {
        "name": "Greenland",
        "country_code": "GL",
        "code": "+299"
    },
    {
        "name": "Grenada",
        "country_code": "GD",
        "code": "+1"
    },
    {
        "name": "Guadeloupe",
        "country_code": "GP",
        "code": "+590"
    },
    {
        "name": "Guam",
        "country_code": "GU",
        "code": "+1"
    },
    {
        "name": "Guatemala",
        "country_code": "GT",
        "code": "+502"
    },
    {
        "name": "Guinea",
        "country_code": "GN",
        "code": "+224"
    },
    {
        "name": "Guinea-Bissau",
        "country_code": "GW",
        "code": "+245"
    },
    {
        "name": "Guyana",
        "country_code": "GY",
        "code": "+592"
    },
    {
        "name": "Haiti",
        "country_code": "HT",
        "code": "+509"
    },
    {
        "name": "Honduras",
        "country_code": "HN",
        "code": "+504"
    },
    {
        "name": "Hong Kong",
        "country_code": "HK",
        "code": "+852"
    },
    {
        "name": "Hungary",
        "country_code": "HU",
        "code": "+36"
    },
    {
        "name": "Iceland",
        "country_code": "IS",
        "code": "+354"
    },
    {
        "name": "India",
        "country_code": "IN",
        "code": "+91"
    },
    {
        "name": "Indonesia",
        "country_code": "ID",
        "code": "+62"
    },
    {
        "name": "Iran",
        "country_code": "IR",
        "code": "+98"
    },
    {
        "name": "Iraq",
        "country_code": "IQ",
        "code": "+964"
    },
    {
        "name": "Ireland",
        "country_code": "IE",
        "code": "+353"
    },
    {
        "name": "Israel",
        "country_code": "IL",
        "code": "+972"
    },
    {
        "name": "Italy",
        "country_code": "IT",
        "code": "+39"
    },
    {
        "name": "Jamaica",
        "country_code": "JM",
        "code": "+1"
    },
    {
        "name": "Japan",
        "country_code": "JP",
        "code": "+81"
    },
    {
        "name": "Jordan",
        "country_code": "JO",
        "code": "+962"
    },
    {
        "name": "Kazakhstan",
        "country_code": "KZ",
        "code": "+7"
    },
    {
        "name": "Kenya",
        "country_code": "KE",
        "code": "+254"
    },
    {
        "name": "Kiribati",
        "country_code": "KI",
        "code": "+686"
    },
    {
        "name": "Kosovo",
        "country_code": "XK",
        "code": "+383"
    },
    {
        "name": "Kuwait",
        "country_code": "KW",
        "code": "+965"
    },
    {
        "name": "Kyrgyzstan",
        "country_code": "KG",
        "code": "+996"
    },
    {
        "name": "Laos",
        "country_code": "LA",
        "code": "+856"
    },
    {
        "name": "Latvia",
        "country_code": "LV",
        "code": "+371"
    },
    {
        "name": "Lebanon",
        "country_code": "LB",
        "code": "+961"
    },
    {
        "name": "Lesotho",
        "country_code": "LS",
        "code": "+266"
    },
    {
        "name": "Liberia",
        "country_code": "LR",
        "code": "+231"
    },
    {
        "name": "Libya",
        "country_code": "LY",
        "code": "+218"
    },
    {
        "name": "Liechtenstein",
        "country_code": "LI",
        "code": "+423"
    },
    {
        "name": "Lithuania",
        "country_code": "LT",
        "code": "+370"
    },
    {
        "name": "Luxembourg",
        "country_code": "LU",
        "code": "+352"
    },
    {
        "name": "Macau",
        "country_code": "MO",
        "code": "+853"
    },
    {
        "name": "Macedonia",
        "country_code": "MK",
        "code": "+389"
    },
    {
        "name": "Madagascar",
        "country_code": "MG",
        "code": "+261"
    },
    {
        "name": "Malawi",
        "country_code": "MW",
        "code": "+265"
    },
    {
        "name": "Malaysia",
        "country_code": "MY",
        "code": "+60"
    },
    {
        "name": "Maldives",
        "country_code": "MV",
        "code": "+960"
    },
    {
        "name": "Mali",
        "country_code": "ML",
        "code": "+223"
    },
    {
        "name": "Malta",
        "country_code": "MT",
        "code": "+356"
    },
    {
        "name": "Marshall Islands",
        "country_code": "MH",
        "code": "+692"
    },
    {
        "name": "Martinique",
        "country_code": "MQ",
        "code": "+596"
    },
    {
        "name": "Mauritania",
        "country_code": "MR",
        "code": "+222"
    },
    {
        "name": "Mauritius",
        "country_code": "MU",
        "code": "+230"
    },
    {
        "name": "Mayotte",
        "country_code": "YT",
        "code": "+262"
    },
    {
        "name": "Mexico",
        "country_code": "MX",
        "code": "+52"
    },
    {
        "name": "Moldova",
        "country_code": "MD",
        "code": "+373"
    },
    {
        "name": "Monaco",
        "country_code": "MC",
        "code": "+377"
    },
    {
        "name": "Mongolia",
        "country_code": "MN",
        "code": "+976"
    },
    {
        "name": "Montenegro",
        "country_code": "ME",
        "code": "+382"
    },
    {
        "name": "Montserrat",
        "country_code": "MS",
        "code": "+1"
    },
    {
        "name": "Morocco",
        "country_code": "MA",
        "code": "+212"
    },
    {
        "name": "Mozambique",
        "country_code": "MZ",
        "code": "+258"
    },
    {
        "name": "Namibia",
        "country_code": "NA",
        "code": "+264"
    },
    {
        "name": "Nauru",
        "country_code": "NR",
        "code": "+674"
    },
    {
        "name": "Nepal",
        "country_code": "NP",
        "code": "+977"
    },
    {
        "name": "Netherlands",
        "country_code": "NL",
        "code": "+31"
    },
    {
        "name": "Netherlands Antilles",
        "country_code": "AN",
        "code": "+599"
    },
    {
        "name": "New Caledonia",
        "country_code": "NC",
        "code": "+687"
    },
    {
        "name": "New Zealand",
        "country_code": "NZ",
        "code": "+64"
    },
    {
        "name": "Nicaragua",
        "country_code": "NI",
        "code": "+505"
    },
    {
        "name": "Niger",
        "country_code": "NE",
        "code": "+227"
    },
    {
        "name": "Nigeria",
        "country_code": "NG",
        "code": "+234"
    },
    {
        "name": "Niue",
        "country_code": "NU",
        "code": "+683"
    },
    {
        "name": "Norfolk Island",
        "country_code": "NF",
        "code": "+672"
    },
    {
        "name": "North Korea",
        "country_code": "KP",
        "code": "+850"
    },
    {
        "name": "Northern Mariana Islands",
        "country_code": "MP",
        "code": "+1"
    },
    {
        "name": "Norway",
        "country_code": "NO",
        "code": "+47"
    },
    {
        "name": "Oman",
        "country_code": "OM",
        "code": "+968"
    },
    {
        "name": "Pakistan",
        "country_code": "PK",
        "code": "+92"
    },
    {
        "name": "Palau",
        "country_code": "PW",
        "code": "+680"
    },
    {
        "name": "Palestine",
        "country_code": "PS",
        "code": "+970"
    },
    {
        "name": "Panama",
        "country_code": "PA",
        "code": "+507"
    },
    {
        "name": "Papua New Guinea",
        "country_code": "PG",
        "code": "+675"
    },
    {
        "name": "Paraguay",
        "country_code": "PY",
        "code": "+595"
    },
    {
        "name": "Peru",
        "country_code": "PE",
        "code": "+51"
    },
    {
        "name": "Philippines",
        "country_code": "PH",
        "code": "+63"
    },
    {
        "name": "Poland",
        "country_code": "PL",
        "code": "+48"
    },
    {
        "name": "Portugal",
        "country_code": "PT",
        "code": "+351"
    },
    {
        "name": "Puerto Rico",
        "country_code": "PR",
        "code": "+1"
    },
    {
        "name": "Qatar",
        "country_code": "QA",
        "code": "+974"
    },
    {
        "name": "Republic of the Congo",
        "country_code": "CG",
        "code": "+242"
    },
    {
        "name": "Réunion",
        "country_code": "RE",
        "code": "+262"
    },
    {
        "name": "Romania",
        "country_code": "RO",
        "code": "+40"
    },
    {
        "name": "Russia",
        "country_code": "RU",
        "code": "+7"
    },
    {
        "name": "Rwanda",
        "country_code": "RW",
        "code": "+250"
    },
    {
        "name": "Saint Barthélemy",
        "country_code": "BL",
        "code": "+590"
    },
    {
        "name": "Saint Helena",
        "country_code": "SH",
        "code": "+290"
    },
    {
        "name": "Saint Kitts and Nevis",
        "country_code": "KN",
        "code": "+1"
    },
    {
        "name": "Saint Martin",
        "country_code": "MF",
        "code": "+590"
    },
    {
        "name": "Saint Pierre and Miquelon",
        "country_code": "PM",
        "code": "+508"
    },
    {
        "name": "Saint Vincent and the Grenadines",
        "country_code": "VC",
        "code": "+1"
    },
    {
        "name": "Samoa",
        "country_code": "WS",
        "code": "+685"
    },
    {
        "name": "San Marino",
        "country_code": "SM",
        "code": "+378"
    },
    {
        "name": "São Tomé and Príncipe",
        "country_code": "ST",
        "code": "+239"
    },
    {
        "name": "Saudi Arabia",
        "country_code": "SA",
        "code": "+966"
    },
    {
        "name": "Senegal",
        "country_code": "SN",
        "code": "+221"
    },
    {
        "name": "Serbia",
        "country_code": "RS",
        "code": "+381"
    },
    {
        "name": "Seychelles",
        "country_code": "SC",
        "code": "+248"
    },
    {
        "name": "Sierra Leone",
        "country_code": "SL",
        "code": "+232"
    },
    {
        "name": "Singapore",
        "country_code": "SG",
        "code": "+65"
    },
    {
        "name": "Slovakia",
        "country_code": "SK",
        "code": "+421"
    },
    {
        "name": "Slovenia",
        "country_code": "SI",
        "code": "+386"
    },
    {
        "name": "Solomon Islands",
        "country_code": "SB",
        "code": "+677"
    },
    {
        "name": "Somalia",
        "country_code": "SO",
        "code": "+252"
    },
    {
        "name": "South Africa",
        "country_code": "ZA",
        "code": "+27"
    },
    {
        "name": "South Korea",
        "country_code": "KR",
        "code": "+82"
    },
    {
        "name": "Spain",
        "country_code": "ES",
        "code": "+34"
    },
    {
        "name": "Sri Lanka",
        "country_code": "LK",
        "code": "+94"
    },
    {
        "name": "St. Lucia",
        "country_code": "LC",
        "code": "+1"
    },
    {
        "name": "Sudan",
        "country_code": "SD",
        "code": "+249"
    },
    {
        "name": "Suriname",
        "country_code": "SR",
        "code": "+597"
    },
    {
        "name": "Swaziland",
        "country_code": "SZ",
        "code": "+268"
    },
    {
        "name": "Sweden",
        "country_code": "SE",
        "code": "+46"
    },
    {
        "name": "Switzerland",
        "country_code": "CH",
        "code": "+41"
    },
    {
        "name": "Syria",
        "country_code": "SY",
        "code": "+963"
    },
    {
        "name": "Taiwan",
        "country_code": "TW",
        "code": "+886"
    },
    {
        "name": "Tajikistan",
        "country_code": "TJ",
        "code": "+992"
    },
    {
        "name": "Tanzania",
        "country_code": "TZ",
        "code": "+255"
    },
    {
        "name": "Thailand",
        "country_code": "TH",
        "code": "+66"
    },
    {
        "name": "The Bahamas",
        "country_code": "BS",
        "code": "+1"
    },
    {
        "name": "The Gambia",
        "country_code": "GM",
        "code": "+220"
    },
    {
        "name": "Timor-Leste",
        "country_code": "TL",
        "code": "+670"
    },
    {
        "name": "Togo",
        "country_code": "TG",
        "code": "+228"
    },
    {
        "name": "Tokelau",
        "country_code": "TK",
        "code": "+690"
    },
    {
        "name": "Tonga",
        "country_code": "TO",
        "code": "+676"
    },
    {
        "name": "Trinidad and Tobago",
        "country_code": "TT",
        "code": "+1"
    },
    {
        "name": "Tunisia",
        "country_code": "TN",
        "code": "+216"
    },
    {
        "name": "Turkey",
        "country_code": "TR",
        "code": "+90"
    },
    {
        "name": "Turkmenistan",
        "country_code": "TM",
        "code": "+993"
    },
    {
        "name": "Turks and Caicos Islands",
        "country_code": "TC",
        "code": "+1"
    },
    {
        "name": "Tuvalu",
        "country_code": "TV",
        "code": "+688"
    },
    {
        "name": "Uganda",
        "country_code": "UG",
        "code": "+256"
    },
    {
        "name": "Ukraine",
        "country_code": "UA",
        "code": "+380"
    },
    {
        "name": "United Arab Emirates",
        "country_code": "AE",
        "code": "+971"
    },
    {
        "name": "United Kingdom",
        "country_code": "GB",
        "code": "+44"
    },
    {
        "name": "United States",
        "country_code": "US",
        "code": "+1"
    },
    {
        "name": "Uruguay",
        "country_code": "UY",
        "code": "+598"
    },
    {
        "name": "US Virgin Islands",
        "country_code": "VI",
        "code": "+1"
    },
    {
        "name": "Uzbekistan",
        "country_code": "UZ",
        "code": "+998"
    },
    {
        "name": "Vanuatu",
        "country_code": "VU",
        "code": "+678"
    },
    {
        "name": "Vatican City",
        "country_code": "VA",
        "code": "+39"
    },
    {
        "name": "Venezuela",
        "country_code": "VE",
        "code": "+58"
    },
    {
        "name": "Vietnam",
        "country_code": "VN",
        "code": "+84"
    },
    {
        "name": "Wallis and Futuna",
        "country_code": "WF",
        "code": "+681"
    },
    {
        "name": "Yemen",
        "country_code": "YE",
        "code": "+967"
    },
    {
        "name": "Zambia",
        "country_code": "ZM",
        "code": "+260"
    },
    {
        "name": "Zimbabwe",
        "country_code": "ZW",
        "code": "+263"
    }
]